customer_id,Recency,Frequency,Monetary,Segment
1,41,11,27888.17,Loyal
2,264,10,19329.07,At-Risk
3,69,13,24051.51,Regular Customer
4,255,9,21150.879999999997,At-Risk
5,256,8,17520.28,At-Risk
6,114,11,32675.059999999998,At-Risk
7,195,4,7147.16,At-Risk
8,261,3,2201.65,At-Risk
9,246,9,24433.87,At-Risk
10,128,11,33634.24,At-Risk
11,247,5,3690.2299999999996,At-Risk
12,250,8,24305.129999999997,At-Risk
13,261,8,14774.449999999999,At-Risk
14,251,9,15766.689999999999,At-Risk
15,126,7,9586.79,At-Risk
16,264,12,31925.87,At-Risk
17,256,7,5275.32,At-Risk
18,259,10,14877.27,At-Risk
19,259,9,16739.98,At-Risk
20,261,6,11102.46,At-Risk
21,245,9,17123.989999999998,At-Risk
22,265,7,16651.04,At-Risk
23,272,3,4775.96,At-Risk
24,250,11,14199.94,At-Risk
25,264,8,14529.25,At-Risk
26,262,7,9514.06,At-Risk
27,272,6,10719.09,At-Risk
28,260,10,19992.85,At-Risk
29,251,4,11979.939999999999,At-Risk
30,255,10,10355.38,At-Risk
31,267,9,19756.629999999997,At-Risk
32,263,6,18037.28,At-Risk
33,171,8,19043.89,At-Risk
34,259,4,11035.75,At-Risk
35,271,8,22061.059999999998,At-Risk
36,258,3,6079.9400000000005,At-Risk
37,261,7,14011.81,At-Risk
38,261,6,21535.66,At-Risk
39,256,7,17783.48,At-Risk
40,246,10,17240.55,At-Risk
41,269,5,3962.02,At-Risk
42,253,7,9205.11,At-Risk
43,244,11,23049.04,At-Risk
44,248,5,2270.53,At-Risk
45,245,4,3347.64,At-Risk
46,252,7,8902.5,At-Risk
47,262,10,16935.62,At-Risk
48,250,6,11705.84,At-Risk
49,244,2,1571.17,At-Risk
50,261,7,16179.11,At-Risk
51,271,4,7000.05,At-Risk
52,267,6,6467.65,At-Risk
53,170,10,14068.22,At-Risk
54,251,6,17225.44,At-Risk
55,243,5,4183.610000000001,At-Risk
56,245,5,6680.44,At-Risk
57,253,6,6981.93,At-Risk
58,257,10,21514.44,At-Risk
59,261,8,13854.59,At-Risk
60,252,6,9919.32,At-Risk
61,263,10,25636.43,At-Risk
62,272,5,4122.14,At-Risk
63,254,10,20086.36,At-Risk
64,269,10,8778.119999999999,At-Risk
65,253,6,11151.6,At-Risk
66,262,9,23026.28,At-Risk
67,256,3,1472.47,At-Risk
68,264,7,10802.619999999999,At-Risk
69,268,4,7568.92,At-Risk
70,256,4,16338.929999999998,At-Risk
71,245,2,1855.33,At-Risk
72,252,5,13914.33,At-Risk
73,256,7,31913.679999999997,At-Risk
74,243,2,4036.97,At-Risk
75,265,7,32802.99,At-Risk
76,257,8,7168.46,At-Risk
77,253,6,8522.95,At-Risk
78,261,4,3441.26,At-Risk
79,258,9,16025.06,At-Risk
80,251,6,9563.33,At-Risk
81,267,4,5660.93,At-Risk
82,269,7,18995.0,At-Risk
83,267,8,7793.139999999999,At-Risk
84,271,6,7154.54,At-Risk
85,265,10,23195.059999999998,At-Risk
86,268,7,12551.98,At-Risk
87,263,6,13546.939999999999,At-Risk
88,253,5,9805.24,At-Risk
89,252,3,10805.33,At-Risk
90,244,7,8956.779999999999,At-Risk
91,256,6,18856.87,At-Risk
92,265,5,3037.13,At-Risk
93,250,8,25612.69,At-Risk
94,272,10,34807.93,At-Risk
95,640,3,12433.449999999999,At-Risk
96,749,2,7681.119999999999,At-Risk
97,262,3,6450.949999999999,At-Risk
98,980,3,2546.46,At-Risk
99,993,5,5431.89,At-Risk
100,307,1,5399.98,At-Risk
101,829,2,1405.96,At-Risk
102,753,2,3121.13,At-Risk
103,851,2,2718.3900000000003,At-Risk
104,249,7,11776.4,At-Risk
105,968,4,12461.539999999999,At-Risk
106,499,3,2770.96,At-Risk
107,936,4,6961.09,At-Risk
108,380,3,18281.47,At-Risk
109,247,7,17193.89,At-Risk
110,260,5,5371.33,At-Risk
111,799,2,6177.77,At-Risk
112,274,4,7952.04,At-Risk
113,400,4,4236.34,At-Risk
114,275,2,727.98,At-Risk
115,335,4,8327.94,At-Risk
116,258,9,12793.619999999999,At-Risk
117,992,4,2371.45,At-Risk
118,738,2,3974.62,At-Risk
119,172,6,16764.12,At-Risk
120,267,7,9425.16,At-Risk
121,254,2,3589.12,At-Risk
122,338,4,24890.62,At-Risk
123,181,9,13783.77,At-Risk
124,250,5,6235.53,At-Risk
125,524,2,7067.959999999999,At-Risk
126,297,5,10314.92,At-Risk
127,973,2,6034.959999999999,At-Risk
128,390,3,7536.16,At-Risk
129,566,2,3011.4799999999996,At-Risk
130,734,1,423.99,At-Risk
131,738,2,2335.52,At-Risk
132,865,3,3271.8100000000004,At-Risk
133,917,4,3810.8199999999997,At-Risk
134,984,3,3751.87,At-Risk
135,31,7,12026.93,Loyal
136,1,8,15314.0,Loyal
137,668,1,723.89,At-Risk
138,246,8,12010.48,At-Risk
139,282,2,2319.9700000000003,At-Risk
140,504,5,12909.91,At-Risk
141,660,1,376.79,At-Risk
142,561,1,5224.99,At-Risk
143,474,2,3920.6600000000003,At-Risk
144,855,1,256.49,At-Risk
145,941,3,8696.07,At-Risk
146,316,4,6183.5599999999995,At-Risk
147,671,2,10322.97,At-Risk
148,809,2,1260.97,At-Risk
149,833,2,8474.16,At-Risk
150,941,2,3840.88,At-Risk
151,267,6,6863.62,At-Risk
152,278,3,3643.54,At-Risk
153,637,9,17068.48,At-Risk
154,646,1,751.98,At-Risk
155,801,3,4214.969999999999,At-Risk
156,901,3,4534.38,At-Risk
157,247,9,17861.19,At-Risk
158,913,2,1395.16,At-Risk
159,920,4,11013.93,At-Risk
160,762,2,7975.969999999999,At-Risk
161,518,3,4296.179999999999,At-Risk
162,613,4,4094.84,At-Risk
163,732,5,4851.13,At-Risk
164,1069,1,1139.98,At-Risk
165,246,7,11907.89,At-Risk
166,668,1,751.98,At-Risk
167,563,5,14172.21,At-Risk
168,527,5,3801.64,At-Risk
169,256,4,13678.349999999999,At-Risk
170,256,6,13801.289999999999,At-Risk
171,593,5,3723.82,At-Risk
172,255,5,15841.09,At-Risk
173,684,5,8072.32,At-Risk
174,528,1,2963.98,At-Risk
175,262,4,13023.919999999998,At-Risk
176,247,7,6829.7,At-Risk
177,616,1,170.99,At-Risk
178,765,3,4125.55,At-Risk
179,586,2,5887.34,At-Risk
180,273,1,2478.4,At-Risk
181,270,4,8273.949999999999,At-Risk
182,501,4,17746.59,At-Risk
183,981,1,1254.94,At-Risk
184,670,3,16436.059999999998,At-Risk
185,509,2,3290.7699999999995,At-Risk
186,438,3,9833.65,At-Risk
187,257,6,13611.619999999999,At-Risk
188,248,3,1729.77,At-Risk
189,505,2,2069.37,At-Risk
190,717,4,2082.1400000000003,At-Risk
191,249,5,2593.12,At-Risk
192,252,7,14208.38,At-Risk
193,810,3,914.96,At-Risk
194,270,8,12320.11,At-Risk
195,296,5,14935.019999999999,At-Risk
196,599,3,10949.939999999999,At-Risk
197,825,5,4655.030000000001,At-Risk
198,500,3,2749.34,At-Risk
199,861,3,4571.07,At-Risk
200,681,1,391.99,At-Risk
201,432,5,2548.9700000000003,At-Risk
202,914,3,4095.01,At-Risk
203,357,5,12369.619999999999,At-Risk
204,1035,4,2813.55,At-Risk
205,999,4,3642.01,At-Risk
206,948,3,8429.939999999999,At-Risk
207,684,4,2500.4300000000003,At-Risk
208,266,5,5651.02,At-Risk
209,506,1,1127.99,At-Risk
210,417,1,3599.99,At-Risk
211,901,2,1472.48,At-Risk
212,776,3,6155.959999999999,At-Risk
213,428,4,4789.73,At-Risk
214,600,4,3032.73,At-Risk
215,580,4,4397.96,At-Risk
216,441,3,4912.15,At-Risk
217,270,6,5073.03,At-Risk
218,1036,4,6902.46,At-Risk
219,535,2,1567.17,At-Risk
220,495,5,6672.29,At-Risk
221,634,1,199.99,At-Risk
222,429,2,1497.48,At-Risk
223,944,2,4563.09,At-Risk
224,250,9,11471.88,At-Risk
225,499,4,7486.32,At-Risk
226,420,5,13033.59,At-Risk
227,393,5,18553.719999999998,At-Risk
228,286,1,674.99,At-Risk
229,436,1,814.67,At-Risk
230,905,3,9211.52,At-Risk
231,247,8,12861.869999999999,At-Risk
232,665,2,1755.3700000000001,At-Risk
233,260,2,2317.08,At-Risk
234,639,5,3804.91,At-Risk
235,804,2,5989.959999999999,At-Risk
236,1073,2,4157.969999999999,At-Risk
237,265,2,2007.58,At-Risk
238,553,4,20177.739999999998,At-Risk
239,244,7,10156.88,At-Risk
240,248,7,9959.08,At-Risk
241,819,3,2157.91,At-Risk
242,578,3,7143.66,At-Risk
243,416,3,2658.76,At-Risk
244,366,3,1113.26,At-Risk
245,699,3,10869.96,At-Risk
246,629,3,6261.95,At-Risk
247,348,2,10570.47,At-Risk
248,556,2,1101.68,At-Risk
249,651,1,723.89,At-Risk
250,700,2,2371.16,At-Risk
251,999,3,8879.449999999999,At-Risk
252,1075,4,8587.39,At-Risk
253,342,1,1439.98,At-Risk
254,464,3,1716.5500000000002,At-Risk
255,665,5,10269.849999999999,At-Risk
256,357,4,2658.1400000000003,At-Risk
257,377,4,5315.9,At-Risk
258,1085,1,437.09,At-Risk
259,1093,5,10231.039999999999,At-Risk
260,809,4,3349.64,At-Risk
261,848,2,1837.47,At-Risk
262,390,4,2484.42,At-Risk
263,289,5,14405.039999999999,At-Risk
264,1050,2,1577.07,At-Risk
265,567,2,1096.18,At-Risk
266,532,3,2681.95,At-Risk
267,962,2,1625.96,At-Risk
268,484,4,7211.719999999999,At-Risk
269,434,4,7526.029999999999,At-Risk
270,554,2,3646.9799999999996,At-Risk
271,1033,1,879.98,At-Risk
272,839,5,8561.25,At-Risk
273,363,3,3056.96,At-Risk
274,888,5,5701.1,At-Risk
275,472,5,11476.529999999999,At-Risk
276,1042,4,6866.929999999999,At-Risk
277,1057,3,3570.55,At-Risk
278,562,3,5226.659999999999,At-Risk
279,387,4,9327.73,At-Risk
280,972,4,4616.009999999999,At-Risk
281,907,2,5672.280000000001,At-Risk
282,931,5,9163.42,At-Risk
283,719,2,1172.97,At-Risk
284,662,2,1001.61,At-Risk
285,384,1,613.79,At-Risk
286,452,1,1026.7,At-Risk
287,284,4,2320.55,At-Risk
288,1006,5,4765.42,At-Risk
289,407,3,17834.96,At-Risk
290,525,3,1467.95,At-Risk
291,700,4,1600.0900000000001,At-Risk
292,446,5,13947.539999999999,At-Risk
293,301,2,6102.959999999999,At-Risk
294,632,2,1208.48,At-Risk
295,684,5,11055.93,At-Risk
296,285,5,13773.619999999999,At-Risk
297,706,2,3658.1800000000003,At-Risk
298,767,4,9474.929999999998,At-Risk
299,899,3,2687.1400000000003,At-Risk
300,300,1,1023.98,At-Risk
301,634,3,4156.6900000000005,At-Risk
302,274,2,631.67,At-Risk
303,413,4,3136.04,At-Risk
304,818,1,502.18,At-Risk
305,495,3,1238.56,At-Risk
306,1031,3,6489.5599999999995,At-Risk
307,956,2,2942.9799999999996,At-Risk
308,293,4,7394.959999999999,At-Risk
309,748,3,3900.65,At-Risk
310,340,3,12935.939999999999,At-Risk
311,369,3,1250.8600000000001,At-Risk
312,333,2,5419.97,At-Risk
313,785,4,4918.36,At-Risk
314,834,4,6872.9400000000005,At-Risk
315,638,4,2258.12,At-Risk
316,1015,3,6815.939999999999,At-Risk
317,1043,2,1543.76,At-Risk
318,432,3,1662.0500000000002,At-Risk
319,917,3,2337.46,At-Risk
320,391,2,10047.42,At-Risk
321,783,3,1165.08,At-Risk
322,378,3,11832.449999999999,At-Risk
323,323,1,2699.99,At-Risk
324,1090,3,2165.08,At-Risk
325,504,1,949.99,At-Risk
326,491,3,2768.36,At-Risk
327,1020,5,5716.59,At-Risk
328,551,3,8740.96,At-Risk
329,620,1,9499.98,At-Risk
330,286,5,11972.919999999998,At-Risk
331,861,5,1929.51,At-Risk
332,1005,4,5728.93,At-Risk
333,412,4,2840.04,At-Risk
334,477,3,12663.949999999999,At-Risk
335,664,2,4147.66,At-Risk
336,1032,2,754.58,At-Risk
337,865,5,5119.35,At-Risk
338,995,2,4132.99,At-Risk
339,561,3,17479.949999999997,At-Risk
340,641,4,9157.75,At-Risk
341,787,1,1199.98,At-Risk
342,582,1,269.99,At-Risk
343,695,2,1800.48,At-Risk
344,708,5,4464.66,At-Risk
345,587,2,9728.98,At-Risk
346,413,1,502.19,At-Risk
347,712,1,225.89,At-Risk
348,1067,2,3223.18,At-Risk
349,711,2,6912.17,At-Risk
350,929,4,11462.59,At-Risk
351,466,4,8498.46,At-Risk
352,588,4,5925.55,At-Risk
353,524,4,3196.2,At-Risk
354,534,4,7179.98,At-Risk
355,561,2,3015.9700000000003,At-Risk
356,524,2,9865.47,At-Risk
357,1000,3,1970.59,At-Risk
358,606,4,3247.24,At-Risk
359,846,2,1990.1599999999999,At-Risk
360,913,3,6448.289999999999,At-Risk
361,704,4,5154.139999999999,At-Risk
362,831,3,3997.97,At-Risk
363,963,1,242.99,At-Risk
364,300,2,5291.96,At-Risk
365,769,3,1758.51,At-Risk
366,1007,2,6744.7699999999995,At-Risk
367,654,5,6602.9400000000005,At-Risk
368,856,1,751.98,At-Risk
369,441,2,1536.12,At-Risk
370,1011,2,521.98,At-Risk
371,1001,1,1619.99,At-Risk
372,623,3,6578.959999999999,At-Risk
373,869,1,949.98,At-Risk
374,645,5,14735.41,At-Risk
375,405,5,11391.42,At-Risk
376,589,2,2136.5299999999997,At-Risk
377,802,2,755.97,At-Risk
378,921,1,464.99,At-Risk
379,487,2,6671.599999999999,At-Risk
380,696,5,2787.95,At-Risk
381,1053,2,888.28,At-Risk
382,681,2,861.01,At-Risk
383,710,4,17305.93,At-Risk
384,593,4,8096.4400000000005,At-Risk
385,1047,4,2427.95,At-Risk
386,603,4,4012.6400000000003,At-Risk
387,399,2,1367.98,At-Risk
388,479,1,418.49,At-Risk
389,557,2,877.98,At-Risk
390,981,1,7439.98,At-Risk
391,667,1,269.99,At-Risk
392,273,2,1681.97,At-Risk
393,1044,2,2379.9700000000003,At-Risk
394,605,2,7184.969999999999,At-Risk
395,284,4,4041.15,At-Risk
396,850,3,4699.95,At-Risk
397,1046,3,1378.18,At-Risk
398,844,1,1139.98,At-Risk
399,831,2,1331.97,At-Risk
400,551,4,4766.83,At-Risk
401,808,1,256.49,At-Risk
402,583,3,2282.96,At-Risk
403,1018,3,10866.96,At-Risk
404,557,2,519.98,At-Risk
405,284,2,1245.97,At-Risk
406,626,1,1139.98,At-Risk
407,518,4,7719.949999999999,At-Risk
408,525,4,2297.75,At-Risk
409,1014,2,728.97,At-Risk
410,861,5,5478.94,At-Risk
411,925,3,9673.84,At-Risk
412,497,1,2963.98,At-Risk
413,936,4,5225.94,At-Risk
414,1040,2,1337.08,At-Risk
415,632,3,11349.949999999999,At-Risk
416,849,3,1709.3600000000001,At-Risk
417,689,4,7004.83,At-Risk
418,367,1,593.99,At-Risk
419,538,3,1613.39,At-Risk
420,640,5,8204.52,At-Risk
421,814,4,9838.44,At-Risk
422,1030,2,872.08,At-Risk
423,765,1,599.99,At-Risk
424,903,2,1490.29,At-Risk
425,356,5,20509.42,At-Risk
426,408,3,6023.949999999999,At-Risk
427,334,1,3149.99,At-Risk
428,623,5,5062.33,At-Risk
429,517,2,3194.08,At-Risk
430,653,3,1847.06,At-Risk
431,627,3,1999.3400000000001,At-Risk
432,649,2,3489.97,At-Risk
433,669,2,1601.37,At-Risk
434,841,3,3092.94,At-Risk
435,401,4,3439.45,At-Risk
436,545,3,2200.86,At-Risk
437,1074,5,3859.92,At-Risk
438,1011,2,1455.97,At-Risk
439,720,1,2789.99,At-Risk
440,343,3,4863.96,At-Risk
441,874,3,12965.739999999998,At-Risk
442,1089,1,242.99,At-Risk
443,359,5,4685.09,At-Risk
444,370,4,8945.74,At-Risk
445,762,1,1599.98,At-Risk
446,610,1,377.98,At-Risk
447,852,4,5080.62,At-Risk
448,658,1,513.35,At-Risk
449,818,2,1894.54,At-Risk
450,1085,4,4030.05,At-Risk
451,861,1,359.2,At-Risk
452,311,1,377.98,At-Risk
453,499,4,7823.93,At-Risk
454,737,1,464.99,At-Risk
455,625,1,719.98,At-Risk
456,504,3,1690.66,At-Risk
457,557,1,377.98,At-Risk
458,405,2,1304.97,At-Risk
459,985,4,4877.4,At-Risk
460,506,3,5440.36,At-Risk
461,547,3,5768.21,At-Risk
462,418,3,11463.949999999999,At-Risk
463,289,4,10266.95,At-Risk
464,348,4,18853.35,At-Risk
465,814,2,1382.97,At-Risk
466,737,1,2113.58,At-Risk
467,399,4,2357.96,At-Risk
468,820,2,962.97,At-Risk
469,1026,4,3511.73,At-Risk
470,780,3,3270.23,At-Risk
471,1024,1,569.99,At-Risk
472,572,3,7350.459999999999,At-Risk
473,611,5,11596.419999999998,At-Risk
474,300,3,3644.04,At-Risk
475,864,1,1139.98,At-Risk
476,344,1,1394.98,At-Risk
477,615,1,1044.98,At-Risk
478,288,3,4700.0599999999995,At-Risk
479,647,5,8109.9400000000005,At-Risk
480,892,5,3074.2,At-Risk
481,816,3,6947.94,At-Risk
482,423,1,279.99,At-Risk
483,293,1,1519.2,At-Risk
484,1017,3,6332.94,At-Risk
485,536,3,1635.54,At-Risk
486,440,4,5834.129999999999,At-Risk
487,753,4,1450.02,At-Risk
488,325,2,6259.259999999999,At-Risk
489,956,2,2853.96,At-Risk
490,656,4,6804.95,At-Risk
491,321,3,6971.549999999999,At-Risk
492,829,4,9927.55,At-Risk
493,499,2,576.79,At-Risk
494,470,3,1494.95,At-Risk
495,529,4,2446.9300000000003,At-Risk
496,656,3,8056.759999999999,At-Risk
497,927,2,2958.3,At-Risk
498,1004,3,3238.96,At-Risk
499,699,5,9704.939999999999,At-Risk
500,676,4,6196.639999999999,At-Risk
501,956,1,712.49,At-Risk
502,346,4,2312.44,At-Risk
503,533,2,13242.96,At-Risk
504,1058,3,1200.54,At-Risk
505,276,3,6813.75,At-Risk
506,793,4,8359.21,At-Risk
507,597,2,3022.87,At-Risk
508,436,1,697.49,At-Risk
509,401,4,11787.55,At-Risk
510,939,3,2346.66,At-Risk
511,553,2,1277.96,At-Risk
512,725,2,3509.97,At-Risk
513,815,2,458.98,At-Risk
514,966,1,242.99,At-Risk
515,287,3,3766.63,At-Risk
516,1042,2,1499.96,At-Risk
517,466,4,9044.919999999998,At-Risk
518,289,1,3039.98,At-Risk
519,581,4,2747.23,At-Risk
520,729,1,2754.99,At-Risk
521,1046,3,3998.36,At-Risk
522,855,3,1196.96,At-Risk
523,1092,2,1519.98,At-Risk
524,637,4,5017.85,At-Risk
525,563,5,18114.92,At-Risk
526,1054,5,4422.93,At-Risk
527,867,3,4279.57,At-Risk
528,889,1,845.98,At-Risk
529,1046,4,7568.049999999999,At-Risk
530,695,4,5382.04,At-Risk
531,663,3,15087.259999999998,At-Risk
532,725,1,527.98,At-Risk
533,380,2,3346.0299999999997,At-Risk
534,450,3,16846.949999999997,At-Risk
535,1059,2,1759.97,At-Risk
536,864,4,8376.92,At-Risk
537,564,5,4318.0,At-Risk
538,751,5,7042.67,At-Risk
539,510,1,269.99,At-Risk
540,931,3,7251.959999999999,At-Risk
541,1080,5,11406.42,At-Risk
542,854,3,2501.76,At-Risk
543,691,3,10336.96,At-Risk
544,421,4,9908.46,At-Risk
545,407,3,7782.869999999999,At-Risk
546,923,3,2197.94,At-Risk
547,318,4,11183.039999999999,At-Risk
548,447,4,1949.63,At-Risk
549,820,1,557.99,At-Risk
550,722,4,10794.349999999999,At-Risk
551,878,2,642.54,At-Risk
552,1082,4,2449.75,At-Risk
553,819,2,2197.89,At-Risk
554,462,5,4459.21,At-Risk
555,822,5,4654.95,At-Risk
556,547,3,1902.56,At-Risk
557,1009,1,359.2,At-Risk
558,975,1,431.98,At-Risk
559,819,4,9408.779999999999,At-Risk
560,740,4,3502.49,At-Risk
561,733,1,953.98,At-Risk
562,691,1,2509.88,At-Risk
563,1058,3,1703.68,At-Risk
564,660,4,8392.94,At-Risk
565,898,2,5578.129999999999,At-Risk
566,301,3,4458.95,At-Risk
567,362,2,5579.959999999999,At-Risk
568,893,4,6479.929999999999,At-Risk
569,795,5,7105.7699999999995,At-Risk
570,558,2,1556.78,At-Risk
571,415,5,6578.919999999999,At-Risk
572,661,1,930.98,At-Risk
573,912,2,1229.0900000000001,At-Risk
574,995,3,6462.459999999999,At-Risk
575,829,3,2222.87,At-Risk
576,859,3,10574.96,At-Risk
577,1022,5,5909.61,At-Risk
578,850,4,8342.929999999998,At-Risk
579,934,2,6397.469999999999,At-Risk
580,352,1,2975.99,At-Risk
581,759,5,7824.03,At-Risk
582,517,3,3168.55,At-Risk
583,1069,5,11578.65,At-Risk
584,880,5,2090.66,At-Risk
585,565,1,959.98,At-Risk
586,803,1,386.1,At-Risk
587,1049,3,8763.96,At-Risk
588,521,2,1052.96,At-Risk
589,489,1,1512.89,At-Risk
590,535,2,1655.07,At-Risk
591,969,2,1646.38,At-Risk
592,654,1,422.99,At-Risk
593,431,1,208.98,At-Risk
594,350,5,9942.13,At-Risk
595,290,4,13191.93,At-Risk
596,499,3,1422.48,At-Risk
597,620,4,4017.43,At-Risk
598,472,2,9645.38,At-Risk
599,299,3,3535.27,At-Risk
600,970,4,4038.5,At-Risk
601,284,1,377.98,At-Risk
602,499,1,799.98,At-Risk
603,850,3,4890.36,At-Risk
604,367,2,837.98,At-Risk
605,588,3,5442.07,At-Risk
606,692,2,4387.96,At-Risk
607,642,5,17580.71,At-Risk
608,1063,1,502.18,At-Risk
609,585,4,11035.84,At-Risk
610,996,3,8696.07,At-Risk
611,560,1,5219.98,At-Risk
612,1051,5,4196.02,At-Risk
613,799,1,502.18,At-Risk
614,699,3,3935.96,At-Risk
615,956,5,4911.429999999999,At-Risk
616,986,5,3372.13,At-Risk
617,460,1,993.22,At-Risk
618,562,5,3159.91,At-Risk
619,643,5,4100.43,At-Risk
620,529,2,2065.98,At-Risk
621,536,3,1553.96,At-Risk
622,888,1,512.98,At-Risk
623,279,1,1253.98,At-Risk
624,750,3,4271.11,At-Risk
625,681,4,3860.1400000000003,At-Risk
626,710,2,7022.959999999999,At-Risk
627,900,4,11479.529999999999,At-Risk
628,577,3,3105.96,At-Risk
629,636,4,1754.14,At-Risk
630,1027,2,1265.97,At-Risk
631,570,2,6749.969999999999,At-Risk
632,936,3,2599.16,At-Risk
633,1028,2,845.1800000000001,At-Risk
634,743,4,1364.94,At-Risk
635,969,2,1502.96,At-Risk
636,1076,2,2635.12,At-Risk
637,348,5,8127.939999999999,At-Risk
638,921,3,1832.06,At-Risk
639,797,3,2420.55,At-Risk
640,972,5,5809.47,At-Risk
641,820,3,3563.02,At-Risk
642,888,1,772.2,At-Risk
643,988,3,5224.54,At-Risk
644,613,5,4001.9100000000003,At-Risk
645,535,4,3818.29,At-Risk
646,663,5,6468.219999999999,At-Risk
647,440,3,1353.74,At-Risk
648,1038,4,3475.84,At-Risk
649,949,3,8550.05,At-Risk
650,559,4,2701.17,At-Risk
651,593,4,16890.14,At-Risk
652,453,2,1063.8899999999999,At-Risk
653,646,3,3191.95,At-Risk
654,741,2,660.59,At-Risk
655,501,2,655.19,At-Risk
656,577,3,1094.97,At-Risk
657,1076,5,3633.3500000000004,At-Risk
658,561,1,557.98,At-Risk
659,888,1,853.1,At-Risk
660,687,3,5959.0599999999995,At-Risk
661,604,4,9287.94,At-Risk
662,621,5,3960.42,At-Risk
663,468,3,14567.15,At-Risk
664,797,2,1272.78,At-Risk
665,418,3,7040.839999999999,At-Risk
666,631,4,8570.96,At-Risk
667,832,3,2827.94,At-Risk
668,1042,2,2100.92,At-Risk
669,428,4,2899.48,At-Risk
670,895,5,3586.7,At-Risk
671,658,2,583.97,At-Risk
672,682,4,7111.03,At-Risk
673,721,3,3695.4699999999993,At-Risk
674,629,2,1402.77,At-Risk
675,494,5,7253.61,At-Risk
676,792,1,512.98,At-Risk
677,1028,1,242.99,At-Risk
678,735,1,1673.99,At-Risk
679,1014,3,3038.32,At-Risk
680,327,2,1987.96,At-Risk
681,708,5,13130.82,At-Risk
682,932,1,4799.98,At-Risk
683,750,1,879.98,At-Risk
684,719,1,511.49,At-Risk
685,1018,1,386.1,At-Risk
686,816,3,3816.46,At-Risk
687,551,5,7971.22,At-Risk
688,756,1,3347.98,At-Risk
689,338,3,6803.969999999999,At-Risk
690,657,5,12104.779999999999,At-Risk
691,825,4,4067.66,At-Risk
692,281,2,13821.529999999999,At-Risk
693,1008,1,375.99,At-Risk
694,670,4,3531.3,At-Risk
695,903,1,1006.98,At-Risk
696,1080,2,6240.549999999999,At-Risk
697,820,2,728.97,At-Risk
698,668,3,1585.15,At-Risk
699,581,2,1422.96,At-Risk
700,651,2,12541.76,At-Risk
701,660,3,5126.95,At-Risk
702,420,5,6762.13,At-Risk
703,814,1,398.97,At-Risk
704,832,2,988.48,At-Risk
705,905,3,3463.54,At-Risk
706,543,4,2452.94,At-Risk
707,766,2,1559.97,At-Risk
708,456,1,1899.98,At-Risk
709,814,2,3359.97,At-Risk
710,1011,2,1765.13,At-Risk
711,746,5,4436.6,At-Risk
712,810,2,3065.9799999999996,At-Risk
713,372,5,8712.84,At-Risk
714,1006,1,256.49,At-Risk
715,621,5,10187.939999999999,At-Risk
716,962,3,3591.2699999999995,At-Risk
717,848,3,6659.96,At-Risk
718,580,1,167.99,At-Risk
719,753,1,1006.98,At-Risk
720,455,2,1389.77,At-Risk
721,806,1,479.99,At-Risk
722,560,5,3292.0,At-Risk
723,540,5,6074.04,At-Risk
724,797,3,6152.65,At-Risk
725,633,1,396.14,At-Risk
726,837,5,7176.21,At-Risk
727,975,5,7855.23,At-Risk
728,976,5,7918.84,At-Risk
729,717,1,799.99,At-Risk
730,429,5,4327.02,At-Risk
731,664,1,1652.98,At-Risk
732,911,4,8975.15,At-Risk
733,701,1,959.98,At-Risk
734,397,4,13287.519999999999,At-Risk
735,482,3,2605.28,At-Risk
736,565,3,4507.61,At-Risk
737,952,4,2748.74,At-Risk
738,278,4,9532.35,At-Risk
739,778,2,4746.63,At-Risk
740,1024,4,1644.51,At-Risk
741,699,1,1349.98,At-Risk
742,954,3,4617.75,At-Risk
743,969,2,954.98,At-Risk
744,290,4,5923.95,At-Risk
745,705,2,1692.5700000000002,At-Risk
746,1065,1,386.1,At-Risk
747,484,3,11831.33,At-Risk
748,528,4,6382.94,At-Risk
749,475,3,5893.549999999999,At-Risk
750,880,3,1307.62,At-Risk
751,541,3,5498.36,At-Risk
752,488,1,170.99,At-Risk
753,792,1,1022.98,At-Risk
754,284,5,6887.129999999999,At-Risk
755,1020,5,9210.71,At-Risk
756,987,4,4318.45,At-Risk
757,460,3,2511.46,At-Risk
758,866,2,6169.959999999999,At-Risk
759,789,4,2214.05,At-Risk
760,972,3,4105.11,At-Risk
761,359,5,3546.92,At-Risk
762,697,2,5537.98,At-Risk
763,1006,2,1525.16,At-Risk
764,930,4,3163.04,At-Risk
765,336,3,4737.26,At-Risk
766,1019,1,989.98,At-Risk
767,1060,1,464.99,At-Risk
768,420,3,6515.949999999999,At-Risk
769,577,2,1258.97,At-Risk
770,707,2,2208.9700000000003,At-Risk
771,443,4,2891.75,At-Risk
772,650,2,1174.56,At-Risk
773,792,3,4873.95,At-Risk
774,398,4,5806.03,At-Risk
775,616,3,908.07,At-Risk
776,619,1,333.59,At-Risk
777,508,3,2379.46,At-Risk
778,387,4,8481.89,At-Risk
779,887,3,5055.11,At-Risk
780,917,3,11314.07,At-Risk
781,578,2,4205.98,At-Risk
782,503,3,7183.32,At-Risk
783,427,5,10998.019999999999,At-Risk
784,602,2,1194.28,At-Risk
785,810,1,929.98,At-Risk
786,1020,1,539.99,At-Risk
787,458,5,7575.34,At-Risk
788,965,1,242.99,At-Risk
789,455,3,2195.57,At-Risk
790,700,4,2719.4700000000003,At-Risk
791,834,2,1189.98,At-Risk
792,755,1,847.98,At-Risk
793,497,5,7327.03,At-Risk
794,651,3,9274.96,At-Risk
795,895,4,2431.16,At-Risk
796,811,3,1926.58,At-Risk
797,1052,3,1984.0700000000002,At-Risk
798,480,5,11062.41,At-Risk
799,528,4,2873.9300000000003,At-Risk
800,921,3,8177.049999999999,At-Risk
801,939,4,4044.84,At-Risk
802,946,3,9385.099999999999,At-Risk
803,424,3,12867.949999999999,At-Risk
804,570,1,417.99,At-Risk
805,683,1,335.98,At-Risk
806,881,3,4037.9599999999996,At-Risk
807,427,2,4231.12,At-Risk
808,830,3,8083.959999999999,At-Risk
809,700,5,15416.149999999998,At-Risk
810,465,4,10951.55,At-Risk
811,635,2,1863.96,At-Risk
812,497,1,1227.58,At-Risk
813,1072,5,3376.59,At-Risk
814,735,4,1754.04,At-Risk
815,967,5,10620.039999999999,At-Risk
816,274,2,1669.98,At-Risk
817,791,3,2252.91,At-Risk
818,327,2,2419.76,At-Risk
819,762,4,4784.15,At-Risk
820,287,3,3229.95,At-Risk
821,372,2,633.62,At-Risk
822,285,1,1396.49,At-Risk
823,750,2,3464.02,At-Risk
824,379,2,10132.359999999999,At-Risk
825,864,2,1934.96,At-Risk
826,450,3,3671.7,At-Risk
827,814,1,375.99,At-Risk
828,491,4,2716.76,At-Risk
829,605,1,845.98,At-Risk
830,594,1,989.98,At-Risk
831,806,2,4169.98,At-Risk
832,671,3,3146.4599999999996,At-Risk
833,763,5,5779.81,At-Risk
834,870,4,1694.0500000000002,At-Risk
835,791,3,1485.46,At-Risk
836,555,4,9161.94,At-Risk
837,524,5,6829.5199999999995,At-Risk
838,300,3,9849.07,At-Risk
839,301,4,4521.88,At-Risk
840,425,3,15097.9,At-Risk
841,660,2,1546.38,At-Risk
842,661,2,692.08,At-Risk
843,842,3,1351.72,At-Risk
844,607,5,10186.619999999999,At-Risk
845,678,3,2011.46,At-Risk
846,368,2,728.97,At-Risk
847,721,1,836.98,At-Risk
848,892,3,4991.96,At-Risk
849,915,3,1034.28,At-Risk
850,690,1,104.49,At-Risk
851,941,2,992.96,At-Risk
852,823,1,989.98,At-Risk
853,824,5,7601.15,At-Risk
854,985,2,1972.96,At-Risk
855,732,2,2008.76,At-Risk
856,317,2,3659.98,At-Risk
857,590,1,418.49,At-Risk
858,706,5,1804.85,At-Risk
859,289,5,7659.33,At-Risk
860,339,1,451.78,At-Risk
861,1066,2,4169.98,At-Risk
862,362,4,5835.85,At-Risk
863,646,4,5801.93,At-Risk
864,678,4,3390.46,At-Risk
865,455,4,3995.62,At-Risk
866,324,4,6843.94,At-Risk
867,561,2,10529.96,At-Risk
868,607,1,1311.29,At-Risk
869,455,2,1037.37,At-Risk
870,678,4,8309.439999999999,At-Risk
871,597,5,11588.64,At-Risk
872,1063,3,2497.95,At-Risk
873,1086,4,3278.05,At-Risk
874,825,1,1344.79,At-Risk
875,811,1,269.99,At-Risk
876,813,4,1525.15,At-Risk
877,585,5,7783.409999999999,At-Risk
878,378,5,7984.929999999999,At-Risk
879,930,2,1276.97,At-Risk
880,560,5,11120.32,At-Risk
881,579,1,1367.09,At-Risk
882,833,2,6229.12,At-Risk
883,617,5,13107.43,At-Risk
884,695,1,845.98,At-Risk
885,908,5,4624.93,At-Risk
886,427,5,9927.2,At-Risk
887,582,4,4369.34,At-Risk
888,454,5,10728.43,At-Risk
889,454,2,949.1700000000001,At-Risk
890,626,3,3750.87,At-Risk
891,866,2,655.98,At-Risk
892,777,1,2754.99,At-Risk
893,394,5,8820.14,At-Risk
894,768,4,4495.27,At-Risk
895,517,4,6929.099999999999,At-Risk
896,747,4,6715.429999999999,At-Risk
897,677,1,611.98,At-Risk
898,500,2,3567.56,At-Risk
899,814,1,3239.98,At-Risk
900,451,3,4298.45,At-Risk
901,720,1,712.49,At-Risk
902,610,3,1217.26,At-Risk
903,414,5,5588.51,At-Risk
904,354,5,14397.13,At-Risk
905,353,1,12089.98,At-Risk
906,318,1,4749.98,At-Risk
907,879,2,3495.66,At-Risk
908,702,3,15439.939999999999,At-Risk
909,570,3,2099.96,At-Risk
910,672,4,4334.049999999999,At-Risk
911,498,3,1611.0700000000002,At-Risk
912,481,1,4949.99,At-Risk
913,777,3,1841.62,At-Risk
914,319,3,1793.75,At-Risk
915,536,2,1301.47,At-Risk
916,350,4,7951.139999999999,At-Risk
917,847,1,5219.98,At-Risk
918,986,1,557.99,At-Risk
919,976,5,5989.93,At-Risk
920,317,5,9314.83,At-Risk
921,814,3,1328.65,At-Risk
922,703,5,6978.71,At-Risk
923,1080,2,5671.129999999999,At-Risk
924,893,2,683.07,At-Risk
925,1022,1,474.99,At-Risk
926,1005,2,926.09,At-Risk
927,801,2,1516.3400000000001,At-Risk
928,943,2,1264.98,At-Risk
929,1036,4,4689.45,At-Risk
930,481,4,1464.25,At-Risk
931,369,5,4305.95,At-Risk
932,807,2,1973.73,At-Risk
933,932,3,1708.37,At-Risk
934,454,2,7999.959999999999,At-Risk
935,397,3,1850.0500000000002,At-Risk
936,470,3,2411.4700000000003,At-Risk
937,334,2,3865.76,At-Risk
938,297,3,2135.06,At-Risk
939,671,4,2230.54,At-Risk
940,625,3,1885.88,At-Risk
941,894,4,3018.2799999999997,At-Risk
942,770,2,1499.97,At-Risk
943,966,2,683.07,At-Risk
944,842,2,1964.08,At-Risk
945,471,5,4814.62,At-Risk
946,660,3,4062.33,At-Risk
947,383,2,1082.97,At-Risk
948,625,3,6793.96,At-Risk
949,712,3,1279.06,At-Risk
950,400,2,3799.16,At-Risk
951,990,4,3292.42,At-Risk
952,751,3,4644.91,At-Risk
953,663,5,2681.15,At-Risk
954,863,2,3269.9799999999996,At-Risk
955,356,1,4274.98,At-Risk
956,945,3,1060.55,At-Risk
957,572,2,912.27,At-Risk
958,691,5,5557.32,At-Risk
959,773,3,8816.949999999999,At-Risk
960,441,4,7995.799999999999,At-Risk
961,881,4,5338.950000000001,At-Risk
962,678,2,1856.6100000000001,At-Risk
963,883,5,6416.59,At-Risk
964,823,1,502.18,At-Risk
965,1060,4,4781.92,At-Risk
966,578,4,5107.86,At-Risk
967,386,3,2309.3,At-Risk
968,657,1,1394.99,At-Risk
969,678,1,391.99,At-Risk
970,354,1,4499.99,At-Risk
971,588,5,15876.419999999998,At-Risk
972,288,3,6396.96,At-Risk
973,733,5,4835.370000000001,At-Risk
974,609,2,1197.0700000000002,At-Risk
975,719,4,4269.95,At-Risk
976,697,5,16950.07,At-Risk
977,809,4,3328.06,At-Risk
978,466,2,1064.68,At-Risk
979,1067,3,2867.27,At-Risk
980,393,2,1416.5700000000002,At-Risk
981,868,1,1022.98,At-Risk
982,289,3,2877.76,At-Risk
983,330,5,9712.939999999999,At-Risk
984,817,5,6335.66,At-Risk
985,716,5,7130.53,At-Risk
986,801,4,4544.84,At-Risk
987,315,4,2738.2400000000002,At-Risk
988,827,3,2432.94,At-Risk
989,766,5,5090.41,At-Risk
990,753,5,8200.720000000001,At-Risk
991,1031,5,8062.12,At-Risk
992,646,2,1139.96,At-Risk
993,631,1,377.98,At-Risk
994,873,3,3403.8500000000004,At-Risk
995,867,4,4447.72,At-Risk
996,1055,1,494.99,At-Risk
997,828,4,10986.9,At-Risk
998,415,4,5528.95,At-Risk
999,297,3,6530.91,At-Risk
1000,627,3,1950.57,At-Risk
1001,852,3,3911.8599999999997,At-Risk
1002,429,3,1233.67,At-Risk
1003,497,2,3594.86,At-Risk
1004,879,1,278.99,At-Risk
1005,305,3,17611.95,At-Risk
1006,464,5,6723.07,At-Risk
1007,331,4,18278.94,At-Risk
1008,342,2,892.98,At-Risk
1009,483,1,314.99,At-Risk
1010,344,4,9479.949999999999,At-Risk
1011,878,2,1042.17,At-Risk
1012,1064,4,6712.84,At-Risk
1013,334,2,1209.47,At-Risk
1014,393,1,5699.98,At-Risk
1015,650,2,6824.969999999999,At-Risk
1016,347,2,1797.97,At-Risk
1017,425,2,1368.07,At-Risk
1018,654,3,10792.24,At-Risk
1019,897,4,11950.47,At-Risk
1020,585,4,14141.33,At-Risk
1021,370,4,5863.44,At-Risk
1022,442,1,440.99,At-Risk
1023,477,4,19329.94,At-Risk
1024,600,4,6412.549999999999,At-Risk
1025,564,2,927.98,At-Risk
1026,361,4,7938.93,At-Risk
1027,369,3,2217.6400000000003,At-Risk
1028,828,3,3564.96,At-Risk
1029,284,4,2804.1400000000003,At-Risk
1030,886,2,3049.9799999999996,At-Risk
1031,451,5,8787.12,At-Risk
1032,750,2,3121.4799999999996,At-Risk
1033,390,3,2889.85,At-Risk
1034,995,4,9874.65,At-Risk
1035,1078,2,1104.47,At-Risk
1036,479,1,700.79,At-Risk
1037,349,4,17758.34,At-Risk
1038,594,2,1805.96,At-Risk
1039,841,2,2329.5699999999997,At-Risk
1040,731,4,6068.9400000000005,At-Risk
1041,420,3,5627.949999999999,At-Risk
1042,876,4,5588.34,At-Risk
1043,303,3,7256.77,At-Risk
1044,290,1,1041.58,At-Risk
1045,934,3,2155.17,At-Risk
1046,603,4,2205.75,At-Risk
1047,1062,3,1786.46,At-Risk
1048,812,3,6319.94,At-Risk
1049,1015,2,3027.0299999999997,At-Risk
1050,465,1,480.59,At-Risk
1051,711,3,9399.96,At-Risk
1052,317,4,7663.94,At-Risk
1053,307,2,1257.97,At-Risk
1054,868,3,3899.9599999999996,At-Risk
1055,827,1,2849.99,At-Risk
1056,796,4,4503.74,At-Risk
1057,642,5,5851.92,At-Risk
1058,769,2,2743.9799999999996,At-Risk
1059,622,4,3185.94,At-Risk
1060,392,3,8011.3099999999995,At-Risk
1061,827,2,1076.93,At-Risk
1062,838,4,4477.17,At-Risk
1063,464,4,13765.54,At-Risk
1064,531,2,1060.17,At-Risk
1065,442,1,466.84,At-Risk
1066,351,3,4030.95,At-Risk
1067,454,4,4130.34,At-Risk
1068,580,4,3167.95,At-Risk
1069,1042,3,8280.539999999999,At-Risk
1070,532,5,12774.24,At-Risk
1071,849,4,3370.57,At-Risk
1072,666,4,4064.83,At-Risk
1073,744,1,1115.98,At-Risk
1074,972,2,1072.16,At-Risk
1075,1056,3,2653.07,At-Risk
1076,463,1,1619.99,At-Risk
1077,514,1,718.4,At-Risk
1078,1026,5,4803.62,At-Risk
1079,992,2,758.98,At-Risk
1080,860,4,3430.96,At-Risk
1081,693,4,7747.73,At-Risk
1082,946,1,3199.99,At-Risk
1083,361,5,3866.04,At-Risk
1084,341,3,8303.369999999999,At-Risk
1085,834,3,5841.52,At-Risk
1086,497,5,12400.84,At-Risk
1087,461,3,2190.56,At-Risk
1088,378,3,3793.15,At-Risk
1089,821,3,6784.95,At-Risk
1090,440,3,12392.949999999999,At-Risk
1091,429,5,4445.05,At-Risk
1092,552,1,753.58,At-Risk
1093,722,5,3447.22,At-Risk
1094,1036,2,824.98,At-Risk
1095,1067,1,426.55,At-Risk
1096,794,4,4169.35,At-Risk
1097,694,4,4195.299999999999,At-Risk
1098,406,2,889.58,At-Risk
1099,404,2,1019.96,At-Risk
1100,478,4,18670.92,At-Risk
1101,282,5,4196.95,At-Risk
1102,970,4,3891.51,At-Risk
1103,747,3,12334.949999999999,At-Risk
1104,662,2,2362.16,At-Risk
1105,641,4,2843.07,At-Risk
1106,497,1,1576.78,At-Risk
1107,419,2,1868.96,At-Risk
1108,781,4,2793.04,At-Risk
1109,447,3,1595.66,At-Risk
1110,884,2,1249.97,At-Risk
1111,445,1,170.99,At-Risk
1112,887,3,5709.95,At-Risk
1113,669,5,4171.9400000000005,At-Risk
1114,438,3,1951.3400000000001,At-Risk
1115,531,5,3720.88,At-Risk
1116,296,1,1055.98,At-Risk
1117,402,2,1845.88,At-Risk
1118,336,4,7947.44,At-Risk
1119,734,3,5775.539999999999,At-Risk
1120,441,4,7159.95,At-Risk
1121,751,2,2360.39,At-Risk
1122,358,4,6701.45,At-Risk
1123,551,3,2509.94,At-Risk
1124,1008,1,3419.98,At-Risk
1125,709,5,7339.41,At-Risk
1126,324,4,6718.549999999999,At-Risk
1127,982,2,3032.9799999999996,At-Risk
1128,488,4,2643.24,At-Risk
1129,714,4,4497.0,At-Risk
1130,911,1,502.18,At-Risk
1131,283,5,14566.429999999998,At-Risk
1132,473,5,15205.919999999998,At-Risk
1133,623,2,4115.969999999999,At-Risk
1134,509,5,5723.74,At-Risk
1135,277,4,6150.93,At-Risk
1136,405,5,11428.65,At-Risk
1137,689,3,6654.469999999999,At-Risk
1138,677,4,10541.96,At-Risk
1139,618,2,999.48,At-Risk
1140,966,2,2835.55,At-Risk
1141,895,3,4135.95,At-Risk
1142,293,1,232.49,At-Risk
1143,663,2,1256.0900000000001,At-Risk
1144,787,3,6187.15,At-Risk
1145,545,5,3172.44,At-Risk
1146,829,1,512.98,At-Risk
1147,994,4,5004.59,At-Risk
1148,639,5,8009.0199999999995,At-Risk
1149,1078,3,6265.95,At-Risk
1150,443,4,7091.93,At-Risk
1151,849,3,7139.949999999999,At-Risk
1152,660,5,5841.09,At-Risk
1153,718,4,4466.64,At-Risk
1154,288,2,3227.3900000000003,At-Risk
1155,427,2,1567.47,At-Risk
1156,862,2,3763.87,At-Risk
1157,736,1,797.94,At-Risk
1158,550,5,6754.93,At-Risk
1159,742,3,6764.57,At-Risk
1160,494,4,3110.85,At-Risk
1161,344,3,8445.949999999999,At-Risk
1162,686,3,7157.349999999999,At-Risk
1163,734,4,4186.52,At-Risk
1164,637,2,4539.969999999999,At-Risk
1165,1034,5,9301.92,At-Risk
1166,411,1,242.99,At-Risk
1167,954,1,3126.64,At-Risk
1168,946,1,799.99,At-Risk
1169,777,4,4665.54,At-Risk
1170,414,2,1210.27,At-Risk
1171,313,4,14249.64,At-Risk
1172,306,4,5777.76,At-Risk
1173,1059,3,1904.45,At-Risk
1174,1043,2,5927.549999999999,At-Risk
1175,1082,4,4092.8500000000004,At-Risk
1176,299,1,531.98,At-Risk
1177,611,2,3302.1699999999996,At-Risk
1178,467,2,3950.3599999999997,At-Risk
1179,961,3,2123.56,At-Risk
1180,419,2,1753.77,At-Risk
1181,633,4,2283.8,At-Risk
1182,1047,4,2052.3500000000004,At-Risk
1183,457,4,2664.96,At-Risk
1184,560,5,3287.31,At-Risk
1185,1056,4,2801.92,At-Risk
1186,331,1,1228.52,At-Risk
1187,319,2,2013.96,At-Risk
1188,407,4,3668.92,At-Risk
1189,877,3,3581.46,At-Risk
1190,551,4,4922.94,At-Risk
1191,430,2,3439.1699999999996,At-Risk
1192,1013,2,8299.96,At-Risk
1193,887,3,2024.06,At-Risk
1194,1035,4,1692.53,At-Risk
1195,595,2,11993.97,At-Risk
1196,689,1,4499.99,At-Risk
1197,415,4,2800.29,At-Risk
1198,822,2,1745.96,At-Risk
1199,720,5,15455.619999999999,At-Risk
1200,993,4,5565.56,At-Risk
1201,664,5,9372.36,At-Risk
1202,848,3,4497.58,At-Risk
1203,637,5,3818.2,At-Risk
1204,1090,2,1372.47,At-Risk
1205,907,4,10563.64,At-Risk
1206,600,5,6239.27,At-Risk
1207,422,1,524.39,At-Risk
1208,749,4,3144.3199999999997,At-Risk
1209,755,5,4778.02,At-Risk
1210,501,4,2705.0,At-Risk
1211,753,3,3439.94,At-Risk
1212,1093,2,1697.97,At-Risk
1213,471,3,5244.95,At-Risk
1214,348,4,20648.95,At-Risk
1215,627,4,5745.95,At-Risk
1216,379,4,2780.54,At-Risk
1217,839,5,2133.92,At-Risk
1218,960,1,3126.64,At-Risk
1219,755,4,3484.07,At-Risk
1220,1066,3,5404.049999999999,At-Risk
1221,454,1,989.98,At-Risk
1222,638,3,1441.16,At-Risk
1223,1045,2,3589.56,At-Risk
1224,572,5,24607.019999999997,At-Risk
1225,512,5,10050.619999999999,At-Risk
1226,429,5,1988.04,At-Risk
1227,924,3,7587.509999999999,At-Risk
1228,785,1,512.98,At-Risk
1229,516,5,2707.8199999999997,At-Risk
1230,611,3,7063.459999999999,At-Risk
1231,298,4,2119.25,At-Risk
1232,753,3,1891.1100000000001,At-Risk
1233,692,4,5015.7300000000005,At-Risk
1234,1065,4,2069.45,At-Risk
1235,510,2,5417.969999999999,At-Risk
1236,398,3,8263.859999999999,At-Risk
1237,1033,5,12420.7,At-Risk
1238,1074,2,7993.86,At-Risk
1239,294,2,601.5799999999999,At-Risk
1240,309,3,5444.95,At-Risk
1241,1059,1,1115.98,At-Risk
1242,692,3,4762.46,At-Risk
1243,893,2,1582.16,At-Risk
1244,456,3,5732.46,At-Risk
1245,908,4,7345.73,At-Risk
1246,684,3,4167.84,At-Risk
1247,975,5,6239.09,At-Risk
1248,775,2,6794.08,At-Risk
1249,714,5,7520.03,At-Risk
1250,1079,3,2083.16,At-Risk
1251,635,4,2259.33,At-Risk
1252,886,2,3181.54,At-Risk
1253,1054,3,1390.47,At-Risk
1254,323,4,5515.96,At-Risk
1255,1028,2,923.0699999999999,At-Risk
1256,330,3,1538.96,At-Risk
1257,954,3,5893.54,At-Risk
1258,351,4,12381.82,At-Risk
1259,1073,3,5270.9400000000005,At-Risk
1260,492,3,5686.58,At-Risk
1261,821,4,9497.17,At-Risk
1262,454,2,3722.9799999999996,At-Risk
1263,896,2,4044.7799999999997,At-Risk
1264,1011,4,2469.95,At-Risk
1265,847,4,3359.74,At-Risk
1266,552,2,2474.9700000000003,At-Risk
1267,940,1,3126.64,At-Risk
1268,397,3,5115.96,At-Risk
1269,475,5,4204.52,At-Risk
1270,509,1,629.98,At-Risk
1271,688,3,2717.96,At-Risk
1272,762,1,2699.99,At-Risk
1273,520,5,5122.34,At-Risk
1274,861,3,7791.049999999999,At-Risk
1275,766,2,2726.49,At-Risk
1276,559,2,6089.98,At-Risk
1277,430,1,706.78,At-Risk
1278,587,4,2228.24,At-Risk
1279,280,4,8936.44,At-Risk
1280,1076,4,5342.15,At-Risk
1281,516,2,2932.4799999999996,At-Risk
1282,777,5,2402.4700000000003,At-Risk
1283,517,1,279.99,At-Risk
1284,385,2,11299.97,At-Risk
1285,866,1,2881.14,At-Risk
1286,1003,1,494.99,At-Risk
1287,550,4,2991.75,At-Risk
1288,980,1,959.98,At-Risk
1289,433,1,507.29,At-Risk
1290,424,5,8336.41,At-Risk
1291,662,2,6330.57,At-Risk
1292,386,2,1099.48,At-Risk
1293,592,2,1285.97,At-Risk
1294,369,3,1243.78,At-Risk
1295,852,3,5022.95,At-Risk
1296,1069,4,3768.9300000000003,At-Risk
1297,862,1,502.18,At-Risk
1298,654,4,4214.9400000000005,At-Risk
1299,880,2,1831.18,At-Risk
1300,874,4,7932.94,At-Risk
1301,922,4,4692.86,At-Risk
1302,724,3,6349.360000000001,At-Risk
1303,326,5,5332.94,At-Risk
1304,524,5,2966.64,At-Risk
1305,1059,3,1509.47,At-Risk
1306,755,2,3505.76,At-Risk
1307,878,4,7482.129999999999,At-Risk
1308,517,2,2319.96,At-Risk
1309,1038,1,1619.99,At-Risk
1310,276,2,5833.969999999999,At-Risk
1311,489,5,3975.23,At-Risk
1312,682,2,10617.97,At-Risk
1313,864,2,5114.09,At-Risk
1314,937,4,7045.15,At-Risk
1315,794,3,7848.259999999999,At-Risk
1316,575,2,5925.469999999999,At-Risk
1317,487,1,325.49,At-Risk
1318,752,2,1052.97,At-Risk
1319,634,4,5231.85,At-Risk
1320,592,1,543.98,At-Risk
1321,1071,3,5644.91,At-Risk
1322,933,3,5014.96,At-Risk
1323,556,4,2333.35,At-Risk
1324,1091,3,3900.06,At-Risk
1325,997,2,854.19,At-Risk
1326,1089,3,3155.95,At-Risk
1327,496,1,1599.98,At-Risk
1328,1037,5,4633.85,At-Risk
1329,411,3,3994.45,At-Risk
1330,333,2,5891.16,At-Risk
1331,810,3,2195.05,At-Risk
1332,623,3,12307.96,At-Risk
1333,884,5,8534.369999999999,At-Risk
1334,791,4,5024.16,At-Risk
1335,851,3,2672.6899999999996,At-Risk
1336,663,1,269.99,At-Risk
1337,892,2,773.98,At-Risk
1338,961,2,1626.78,At-Risk
1339,448,2,1590.85,At-Risk
1340,926,1,242.99,At-Risk
1341,925,3,8476.52,At-Risk
1342,429,2,527.78,At-Risk
1343,653,4,1818.45,At-Risk
1344,460,2,3377.9700000000003,At-Risk
1345,531,3,1287.57,At-Risk
1346,619,3,3442.81,At-Risk
1347,466,2,6495.969999999999,At-Risk
1348,1074,5,11183.029999999999,At-Risk
1349,826,4,9278.65,At-Risk
1350,947,5,6089.92,At-Risk
1351,948,4,2465.45,At-Risk
1352,689,3,3243.75,At-Risk
1353,789,4,3613.7200000000003,At-Risk
1354,1013,4,4475.46,At-Risk
1355,864,2,1961.08,At-Risk
1356,919,2,1359.97,At-Risk
1357,881,1,569.98,At-Risk
1358,961,4,3443.9300000000003,At-Risk
1359,805,4,6543.0599999999995,At-Risk
1360,953,4,7967.41,At-Risk
1361,991,2,1240.18,At-Risk
1362,861,3,4299.95,At-Risk
1363,651,3,1860.58,At-Risk
1364,396,1,989.99,At-Risk
1365,1018,1,5699.98,At-Risk
1366,975,1,989.98,At-Risk
1367,408,4,2032.44,At-Risk
1368,958,5,10216.23,At-Risk
1369,1025,2,620.09,At-Risk
1370,521,1,7439.98,At-Risk
1371,832,2,1734.93,At-Risk
1372,496,4,7021.139999999999,At-Risk
1373,965,4,5600.049999999999,At-Risk
1374,798,5,8394.46,At-Risk
1375,906,3,2915.1,At-Risk
1376,943,4,4109.0599999999995,At-Risk
1377,847,3,997.1700000000001,At-Risk
1378,805,3,4776.04,At-Risk
1379,460,4,2834.84,At-Risk
1380,850,1,2319.99,At-Risk
1381,806,2,2414.96,At-Risk
1382,490,5,16491.510000000002,At-Risk
1383,316,2,1392.27,At-Risk
1384,372,3,2518.14,At-Risk
1385,658,4,2006.06,At-Risk
1386,1051,3,1806.41,At-Risk
1387,878,1,1199.98,At-Risk
1388,398,1,2559.99,At-Risk
1389,533,1,1499.38,At-Risk
1390,559,4,5333.33,At-Risk
1391,711,4,17086.93,At-Risk
1392,488,2,5922.469999999999,At-Risk
1393,351,2,1681.48,At-Risk
1394,485,2,2615.9700000000003,At-Risk
1395,624,4,5220.469999999999,At-Risk
1396,595,2,5984.98,At-Risk
1397,844,4,4921.15,At-Risk
1398,736,4,7688.2699999999995,At-Risk
1399,679,3,2319.75,At-Risk
1400,900,2,2928.68,At-Risk
1401,384,3,2200.94,At-Risk
1402,614,1,799.99,At-Risk
1403,556,3,12595.07,At-Risk
1404,733,4,3015.31,At-Risk
1405,771,2,1649.97,At-Risk
1406,791,4,7900.429999999999,At-Risk
1407,566,2,1856.0700000000002,At-Risk
1408,401,3,4829.179999999999,At-Risk
1409,378,4,2093.41,At-Risk
1410,609,4,1829.66,At-Risk
1411,284,4,4960.45,At-Risk
1412,438,2,1234.97,At-Risk
1413,1053,3,3014.3199999999997,At-Risk
1414,461,1,176.69,At-Risk
1415,538,5,9725.83,At-Risk
1416,607,1,3254.99,At-Risk
1417,528,1,557.98,At-Risk
1418,533,4,4162.85,At-Risk
1419,286,1,4399.99,At-Risk
1420,963,2,1407.55,At-Risk
1421,451,4,17494.93,At-Risk
1422,442,2,7049.67,At-Risk
1423,551,4,11238.65,At-Risk
1424,483,2,6591.969999999999,At-Risk
1425,908,1,4639.98,At-Risk
1426,555,5,6782.33,At-Risk
1427,492,1,351.99,At-Risk
1428,893,1,674.99,At-Risk
1429,786,3,2042.06,At-Risk
1430,767,2,3628.5099999999998,At-Risk
1431,1026,3,1705.96,At-Risk
1432,558,1,2696.99,At-Risk
1433,347,5,4226.22,At-Risk
1434,1067,2,1530.96,At-Risk
1435,951,5,8069.65,At-Risk
1436,622,5,9334.5,At-Risk
1437,853,1,3799.99,At-Risk
1438,574,5,12980.93,At-Risk
1439,506,5,9919.91,At-Risk
1440,822,5,10360.25,At-Risk
1441,337,3,9173.38,At-Risk
1442,517,5,6987.24,At-Risk
1443,774,5,10372.09,At-Risk
1444,739,2,1399.97,At-Risk
1445,297,1,7999.98,At-Risk
